{
	"pattrstorage" : 	{
		"name" : "Pdeli",
		"slots" : 		{
			"1" : 			{
				"id" : 1,
				"data" : 				{
					"deli::delay(ms)" : [ 303.030304, 545.454529, 696.969727, 1212.121216, 1818.181763, 2393.939453 ],
					"deli::pitchshift_semitone" : [ 0, 0, 0, 0, 0, 0 ],
					"deli::TogMS::feedback" : [ 0.06135, 0.636503, 0.222393, 0.866564, 0.345092, 0.421779 ],
					"deli::TogMS::tunnelfbmode" : [ 0 ],
					"deli::TogMS::tunnelfeedback" : [ 0.490798, 0.306748, 0.23773, 0.130368, 0.053681, 0.038344 ],
					"deli::togamppan::amplitude" : [ 0.775758, 0.775758, 0.781818, 0.793939, 0.763636, 0.745455 ],
					"deli::togamppan::pan_rate" : [ 0.181818, 0.30303, 0.424242, 0.454545, 0.545455, 0.545455 ],
					"deli::togamppan::tunnelfbmode" : [ 0 ]
				}

			}
,
			"2" : 			{
				"id" : 2,
				"data" : 				{
					"deli::delay(ms)" : [ 424.242432, 727.272705, 1060.606079, 1393.939453, 1909.090942, 2303.030273 ],
					"deli::pitchshift_semitone" : [ -2, 3, 0, -3, 2, 4 ],
					"deli::TogMS::feedback" : [ 0.06135, 0.636503, 0.222393, 0.866564, 0.345092, 0.421779 ],
					"deli::TogMS::tunnelfbmode" : [ 1 ],
					"deli::TogMS::tunnelfeedback" : [ 0.981595, 0.989264, 0.989264, 0.989264, 0.981595, 0.973926 ],
					"deli::togamppan::amplitude" : [ 0.757576, 0.727273, 0.684848, 0.642424, 0.642424, 0.648485 ],
					"deli::togamppan::pan_rate" : [ 1.515152, 1.848485, 2.0, 2.181818, 2.424242, 2.484848 ],
					"deli::togamppan::tunnelfbmode" : [ 1 ]
				}

			}
,
			"3" : 			{
				"id" : 3,
				"data" : 				{
					"deli::delay(ms)" : [ 575.757568, 3060.605957, 2151.515137, 1303.030273, 757.575745, 454.545441 ],
					"deli::pitchshift_semitone" : [ 2, -1, -2, -3, -4, -5 ],
					"deli::TogMS::feedback" : [ 0.230061, 0.513804, 0.644172, 0.751534, 0.644172, 0.306748 ],
					"deli::TogMS::tunnelfbmode" : [ 1 ],
					"deli::TogMS::tunnelfeedback" : [ 0.958589, 0.943252, 0.866564, 0.789877, 0.659509, 0.513804 ],
					"deli::togamppan::amplitude" : [ 0.230303, 0.272727, 0.315152, 0.357576, 0.406061, 0.460606 ],
					"deli::togamppan::pan_rate" : [ 0.0, 3.030303, 6.060606, 9.090909, 11.515152, 12.121212 ],
					"deli::togamppan::tunnelfbmode" : [ 1 ]
				}

			}
,
			"4" : 			{
				"id" : 4,
				"data" : 				{
					"deli::delay(ms)" : [ 787.878784, 1757.575806, 2606.060547, 2818.181885, 1909.090942, 242.42424 ],
					"deli::pitchshift_semitone" : [ -9, -4, -1, 2, 6, 12 ],
					"deli::TogMS::feedback" : [ 0.230061, 0.513804, 0.644172, 0.751534, 0.644172, 0.306748 ],
					"deli::TogMS::tunnelfbmode" : [ 1 ],
					"deli::TogMS::tunnelfeedback" : [ 0.153374, 0.214724, 0.29908, 0.391104, 0.506135, 0.575153 ],
					"deli::togamppan::amplitude" : [ 0.630303, 0.642424, 0.648485, 0.642424, 0.654545, 0.660606 ],
					"deli::togamppan::pan_rate" : [ 8.484848, 9.69697, 9.69697, 9.69697, 9.393939, 10.0 ],
					"deli::togamppan::tunnelfbmode" : [ 0 ]
				}

			}
,
			"5" : 			{
				"id" : 5,
				"data" : 				{
					"deli::delay(ms)" : [ 212.121216, 303.030304, 121.21212, 181.818176, 151.515152, 151.515152 ],
					"deli::pitchshift_semitone" : [ -1, 2, -4, -7, -1, 2 ],
					"deli::TogMS::feedback" : [ 0.230061, 0.513804, 0.644172, 0.751534, 0.644172, 0.306748 ],
					"deli::TogMS::tunnelfbmode" : [ 1 ],
					"deli::TogMS::tunnelfeedback" : [ 0.406442, 0.421779, 0.889571, 0.889571, 0.47546, 0.506135 ],
					"deli::togamppan::amplitude" : [ 0.357576, 0.369697, 0.593939, 0.6, 0.393939, 0.4 ],
					"deli::togamppan::pan_rate" : [ 1.818182, 1.212121, 27.575758, 28.484848, 4.545455, 3.030303 ],
					"deli::togamppan::tunnelfbmode" : [ 1 ]
				}

			}
,
			"6" : 			{
				"id" : 6,
				"data" : 				{
					"deli::delay(ms)" : [ 90.909088, 151.515152, 454.545441, 727.272705, 1030.302979, 1242.424194 ],
					"deli::pitchshift_semitone" : [ 0, 0, 0, 0, 0, 0 ],
					"deli::TogMS::feedback" : [ 0.260736, 0.398773, 0.529141, 0.667178, 0.805215, 0.943252 ],
					"deli::TogMS::tunnelfbmode" : [ 0 ],
					"deli::TogMS::tunnelfeedback" : [ 0.0, 0.0, 0.0, 0.0, 0.0, 0.0 ],
					"deli::togamppan::amplitude" : [ 0.272727, 0.272727, 0.272727, 0.272727, 0.248485, 0.248485 ],
					"deli::togamppan::pan_rate" : [ 4.242424, 2.424242, 0.909091, 2.727273, 2.727273, 2.727273 ],
					"deli::togamppan::tunnelfbmode" : [ 1 ]
				}

			}
,
			"7" : 			{
				"id" : 7,
				"data" : 				{
					"deli::delay(ms)" : [ 636.363647, 1000.0, 1393.939453, 1727.272705, 2242.424316, 2484.848389 ],
					"deli::pitchshift_semitone" : [ 0, 0, 0, 0, 0, 0 ],
					"deli::TogMS::feedback" : [ 0.736196, 0.605828, 0.467791, 0.345092, 0.214724, 0.122699 ],
					"deli::TogMS::tunnelfbmode" : [ 0 ],
					"deli::TogMS::tunnelfeedback" : [ 0.0, 0.0, 0.0, 0.0, 0.0, 0.0 ],
					"deli::togamppan::amplitude" : [ 0.193939, 0.066667, 0.284848, 0.242424, 0.139394, 0.206061 ],
					"deli::togamppan::pan_rate" : [ 3.636364, 1.818182, 3.333333, 1.515152, 1.818182, 3.636364 ],
					"deli::togamppan::tunnelfbmode" : [ 1 ]
				}

			}
,
			"8" : 			{
				"id" : 8,
				"data" : 				{
					"deli::delay(ms)" : [ 181.818176, 939.393921, 1818.181763, 2606.060547, 3090.90918, 3272.727295 ],
					"deli::pitchshift_semitone" : [ 0, -2, -2, -5, 2, 4 ],
					"deli::TogMS::feedback" : [ 0.230061, 0.513804, 0.644172, 0.751534, 0.644172, 0.306748 ],
					"deli::TogMS::tunnelfbmode" : [ 1 ],
					"deli::TogMS::tunnelfeedback" : [ 0.47546, 0.368098, 0.314417, 0.260736, 0.17638, 0.122699 ],
					"deli::togamppan::amplitude" : [ 0.739394, 0.745455, 0.739394, 0.727273, 0.715151, 0.672727 ],
					"deli::togamppan::pan_rate" : [ 2.121212, 2.121212, 2.121212, 2.121212, 1.212121, 1.212121 ],
					"deli::togamppan::tunnelfbmode" : [ 1 ]
				}

			}
,
			"9" : 			{
				"id" : 9,
				"data" : 				{
					"deli::delay(ms)" : [ 575.757568, 3060.605957, 2151.515137, 1303.030273, 757.575745, 454.545441 ],
					"deli::pitchshift_semitone" : [ 2, -1, -2, -3, -4, -5 ],
					"deli::TogMS::feedback" : [ 0.230061, 0.513804, 0.644172, 0.751534, 0.644172, 0.306748 ],
					"deli::TogMS::tunnelfbmode" : [ 1 ],
					"deli::TogMS::tunnelfeedback" : [ 0.958589, 0.674847, 0.360429, 0.184049, 0.076687, 0.076687 ],
					"deli::togamppan::amplitude" : [ 0.230303, 0.272727, 0.315152, 0.357576, 0.406061, 0.460606 ],
					"deli::togamppan::pan_rate" : [ 14.242424, 1.212121, 1.515152, 1.515152, 1.212121, 1.212121 ],
					"deli::togamppan::tunnelfbmode" : [ 1 ]
				}

			}
,
			"10" : 			{
				"id" : 10,
				"data" : 				{
					"deli::delay(ms)" : [ 2606.060547, 1242.424194, 515.151489, 515.151489, 1151.515137, 3242.424316 ],
					"deli::pitchshift_semitone" : [ 0, -1, -1, -2, -3, -4 ],
					"deli::TogMS::feedback" : [ 0.943252, 0.0, 0.168712, 0.0, 0.0, 0.828221 ],
					"deli::TogMS::tunnelfbmode" : [ 0 ],
					"deli::TogMS::tunnelfeedback" : [ 0.038344, 0.115031, 0.199387, 0.253067, 0.360429, 0.559816 ],
					"deli::togamppan::amplitude" : [ 0.739394, 0.557576, 0.393939, 0.266667, 0.127273, 0.066667 ],
					"deli::togamppan::pan_rate" : [ 2.727273, 1.818182, 0.909091, 2.424242, 2.121212, 1.818182 ],
					"deli::togamppan::tunnelfbmode" : [ 0 ]
				}

			}
,
			"11" : 			{
				"id" : 11,
				"data" : 				{
					"deli::delay(ms)" : [ 2606.060547, 1242.424194, 515.151489, 515.151489, 1151.515137, 3242.424316 ],
					"deli::pitchshift_semitone" : [ 0, -1, -1, -2, -3, -4 ],
					"deli::TogMS::feedback" : [ 0.943252, 0.0, 0.168712, 0.0, 0.0, 0.828221 ],
					"deli::TogMS::tunnelfbmode" : [ 0 ],
					"deli::TogMS::tunnelfeedback" : [ 0.038344, 0.115031, 0.199387, 0.253067, 0.360429, 0.559816 ],
					"deli::togamppan::amplitude" : [ 0.072727, 0.109091, 0.248485, 0.357576, 0.581818, 0.866667 ],
					"deli::togamppan::pan_rate" : [ 2.727273, 1.818182, 0.909091, 2.424242, 2.121212, 1.818182 ],
					"deli::togamppan::tunnelfbmode" : [ 0 ]
				}

			}

		}

	}

}
